-- Adminer 4.7.6 MySQL dump

SET NAMES utf8;
SET time_zone = '+00:00';
SET foreign_key_checks = 0;
SET sql_mode = 'NO_AUTO_VALUE_ON_ZERO';

DROP DATABASE IF EXISTS `music`;
CREATE DATABASE `music` /*!40100 DEFAULT CHARACTER SET latin1 */;
USE `music`;

DROP TABLE IF EXISTS `artists`;
CREATE TABLE `artists` (
  `artist_name` varchar(50) NOT NULL,
  `genre` varchar(20) NOT NULL,
  PRIMARY KEY (`artist_name`)
) ENGINE=InnoDB DEFAULT CHARSET=latin1;

INSERT INTO `artists` (`artist_name`, `genre`) VALUES
('Ariana Grande',	'pop'),
('AWOLNATION',	'alternative rock'),
('Drake',	'rap'),
('Fall Out Boy',	'pop punk'),
('Imagine Dragons',	'alternative rock'),
('Kendrick Lamar',	'rap'),
('Led Zeppelin',	'classic rock'),
('Panic! at the Disco',	'pop punk'),
('Post Malone',	'rap'),
('The Doors',	'psychedelic rock');

DROP TABLE IF EXISTS `catalog`;
CREATE TABLE `catalog` (
  `id` int(5) unsigned NOT NULL AUTO_INCREMENT,
  `artist_name` varchar(50) NOT NULL DEFAULT '',
  `type` enum('album','song') NOT NULL DEFAULT 'song',
  `song_title` varchar(100) NOT NULL DEFAULT '',
  `album_title` varchar(100) NOT NULL DEFAULT '',
  `year` year(4) DEFAULT NULL,
  PRIMARY KEY (`id`,`artist_name`,`song_title`),
  KEY `artist_name` (`artist_name`),
  CONSTRAINT `catalog_ibfk_2` FOREIGN KEY (`artist_name`) REFERENCES `artists` (`artist_name`) ON DELETE CASCADE ON UPDATE CASCADE
) ENGINE=InnoDB DEFAULT CHARSET=latin1;

INSERT INTO `catalog` (`id`, `artist_name`, `type`, `song_title`, `album_title`, `year`) VALUES
(1,	'Post Malone',	'album',	'Stoney',	'Stoney',	'2016'),
(2,	'Post Malone',	'song',	'Broken Whiskey Glass',	'Stoney',	NULL),
(3,	'Post Malone',	'song',	'Big Lie',	'Stoney',	NULL),
(4,	'Post Malone',	'song',	'Deja Vu',	'Stoney',	NULL),
(5,	'Post Malone',	'song',	'No Option',	'Stoney',	NULL),
(6,	'Post Malone',	'song',	'Cold',	'Stoney',	NULL),
(7,	'Post Malone',	'song',	'White Iverson',	'Stoney',	NULL),
(8,	'Post Malone',	'song',	'I Fall Apart',	'Stoney',	NULL),
(9,	'Post Malone',	'song',	'Patient',	'Stoney',	NULL),
(10,	'Post Malone',	'song',	'Go Flex',	'Stoney',	NULL),
(11,	'Post Malone',	'song',	'Feel',	'Stoney',	NULL),
(12,	'Post Malone',	'song',	'Too Young',	'Stoney',	NULL),
(13,	'Post Malone',	'song',	'Congratulations',	'Stoney',	NULL),
(14,	'Post Malone',	'song',	'Up There',	'Stoney',	NULL),
(15,	'Post Malone',	'song',	'Yours Truly, Austin Post',	'Stoney',	NULL),
(16,	'Post Malone',	'song',	'Leave',	'Stoney',	NULL),
(17,	'Post Malone',	'song',	'Hit This Hard',	'Stoney',	NULL),
(18,	'Post Malone',	'song',	'Money Made Me Do It',	'Stoney',	NULL),
(19,	'Post Malone',	'song',	'Feeling Whitney',	'Stoney',	NULL),
(20,	'Post Malone',	'album',	'beerbongs & bentleys',	'beerbongs & bentleys',	'2018'),
(21,	'Post Malone',	'song',	'Paranoid',	'beerbongs & bentleys',	NULL),
(22,	'Post Malone',	'song',	'Spoil My Night',	'beerbongs & bentleys',	NULL),
(23,	'Post Malone',	'song',	'Rich & Sad',	'beerbongs & bentleys',	NULL),
(24,	'Post Malone',	'song',	'Zack and Codeine',	'beerbongs & bentleys',	NULL),
(25,	'Post Malone',	'song',	'Takin\' Shots',	'beerbongs & bentleys',	NULL),
(26,	'Post Malone',	'song',	'rockstar',	'beerbongs & bentleys',	NULL),
(27,	'Post Malone',	'song',	'Over Now',	'beerbongs & bentleys',	NULL),
(28,	'Post Malone',	'song',	'Psycho',	'beerbongs & bentleys',	NULL),
(29,	'Post Malone',	'song',	'Better Now',	'beerbongs & bentleys',	NULL),
(30,	'Post Malone',	'song',	'Ball For Me',	'beerbongs & bentleys',	NULL),
(31,	'Post Malone',	'song',	'Otherside',	'beerbongs & bentleys',	NULL),
(32,	'Post Malone',	'song',	'Stay',	'beerbongs & bentleys',	NULL),
(33,	'Post Malone',	'song',	'Blame It On Me',	'beerbongs & bentleys',	NULL),
(34,	'Post Malone',	'song',	'Same Bitches',	'beerbongs & bentleys',	NULL),
(35,	'Post Malone',	'song',	'Jonestown (Interlude)',	'beerbongs & bentleys',	NULL),
(36,	'Post Malone',	'song',	'92 Explorer',	'beerbongs & bentleys',	NULL),
(37,	'Post Malone',	'song',	'Candy Paint',	'beerbongs & bentleys',	NULL),
(38,	'Post Malone',	'song',	'Sugar Wraith',	'beerbongs & bentleys',	NULL),
(39,	'Post Malone',	'album',	'Hollywood\'s Bleeding',	'Hollywood\'s Bleeding',	'2019'),
(40,	'Post Malone',	'song',	'Hollywood\'s Bleeding',	'Hollywood\'s Bleeding',	NULL),
(41,	'Post Malone',	'song',	'Saint-Tropez',	'Hollywood\'s Bleeding',	NULL),
(42,	'Post Malone',	'song',	'Enemies',	'Hollywood\'s Bleeding',	NULL),
(43,	'Post Malone',	'song',	'Allergic',	'Hollywood\'s Bleeding',	NULL),
(44,	'Post Malone',	'song',	'A Thousand Bad Times',	'Hollywood\'s Bleeding',	NULL),
(45,	'Post Malone',	'song',	'Circles',	'Hollywood\'s Bleeding',	NULL),
(46,	'Post Malone',	'song',	'Die For Me',	'Hollywood\'s Bleeding',	NULL),
(47,	'Post Malone',	'song',	'On the Road',	'Hollywood\'s Bleeding',	NULL),
(48,	'Post Malone',	'song',	'Take What You Want',	'Hollywood\'s Bleeding',	NULL),
(49,	'Post Malone',	'song',	'I\'m Gonna Be',	'Hollywood\'s Bleeding',	NULL),
(50,	'Post Malone',	'song',	'Staring at the Sun',	'Hollywood\'s Bleeding',	NULL),
(51,	'Post Malone',	'song',	'Sunflower',	'Hollywood\'s Bleeding',	NULL),
(52,	'Post Malone',	'song',	'Internet',	'Hollywood\'s Bleeding',	NULL),
(53,	'Post Malone',	'song',	'Goodbyes',	'Hollywood\'s Bleeding',	NULL),
(54,	'Post Malone',	'song',	'Myself',	'Hollywood\'s Bleeding',	NULL),
(55,	'Post Malone',	'song',	'I Know',	'Hollywood\'s Bleeding',	NULL),
(56,	'Post Malone',	'song',	'Wow.',	'Hollywood\'s Bleeding',	NULL),
(57,	'Kendrick Lamar',	'album',	'Section.80',	'Section.80',	'2011'),
(58,	'Kendrick Lamar',	'song',	'Fuck Your Ethnicity',	'Section.80',	NULL),
(59,	'Kendrick Lamar',	'song',	'Hol\' Up',	'Section.80',	NULL),
(60,	'Kendrick Lamar',	'song',	'A.D.H.D.',	'Section.80',	NULL),
(61,	'Kendrick Lamar',	'song',	'No Makeup (Her Vice)',	'Section.80',	NULL),
(62,	'Kendrick Lamar',	'song',	'Tammy\'s Song (Her Evils)',	'Section.80',	NULL),
(63,	'Kendrick Lamar',	'song',	'Chapter Six',	'Section.80',	NULL),
(64,	'Kendrick Lamar',	'song',	'Ronald Reagan Era (His Evils)',	'Section.80',	NULL),
(65,	'Kendrick Lamar',	'song',	'Poe Man\'s Dreams (His Vice)',	'Section.80',	NULL),
(66,	'Kendrick Lamar',	'song',	'The Spiteful Chant',	'Section.80',	NULL),
(67,	'Kendrick Lamar',	'song',	'Chapter Ten',	'Section.80',	NULL),
(68,	'Kendrick Lamar',	'song',	'Keisha\'s Song (Her Pain)',	'Section.80',	NULL),
(69,	'Kendrick Lamar',	'song',	'Rigamortis',	'Section.80',	NULL),
(70,	'Kendrick Lamar',	'song',	'Kush & Corinthians (His Pain)',	'Section.80',	NULL),
(71,	'Kendrick Lamar',	'song',	'Blow My High (Members Only)',	'Section.80',	NULL),
(72,	'Kendrick Lamar',	'song',	'Ab-Soul\'s Outro',	'Section.80',	NULL),
(73,	'Kendrick Lamar',	'song',	'HiiiPoWeR',	'Section.80',	NULL),
(74,	'Kendrick Lamar',	'album',	'good kid, m.A.A.d city',	'good kid, m.A.A.d city',	'2012'),
(75,	'Kendrick Lamar',	'song',	'Sherane a.k.a Master Splinter\'s Daughter',	'good kid, m.A.A.d city',	NULL),
(76,	'Kendrick Lamar',	'song',	'Bitch, Don\'t Kill My Vibe',	'good kid, m.A.A.d city',	NULL),
(77,	'Kendrick Lamar',	'song',	'Backseat Freestyle',	'good kid, m.A.A.d city',	NULL),
(78,	'Kendrick Lamar',	'song',	'The Art of Peer Pressure',	'good kid, m.A.A.d city',	NULL),
(79,	'Kendrick Lamar',	'song',	'Money Trees',	'good kid, m.A.A.d city',	NULL),
(80,	'Kendrick Lamar',	'song',	'Poetic Justice',	'good kid, m.A.A.d city',	NULL),
(81,	'Kendrick Lamar',	'song',	'good kid',	'good kid, m.A.A.d city',	NULL),
(82,	'Kendrick Lamar',	'song',	'm.A.A.d city',	'good kid, m.A.A.d city',	NULL),
(83,	'Kendrick Lamar',	'song',	'Swimming Pools (Drank)',	'good kid, m.A.A.d city',	NULL),
(84,	'Kendrick Lamar',	'song',	'Sing About Me, I\'m Dying of Thirst',	'good kid, m.A.A.d city',	NULL),
(85,	'Kendrick Lamar',	'song',	'Real',	'good kid, m.A.A.d city',	NULL),
(86,	'Kendrick Lamar',	'song',	'Compton',	'good kid, m.A.A.d city',	NULL),
(87,	'Kendrick Lamar',	'song',	'The Recipe',	'good kid, m.A.A.d city',	NULL),
(88,	'Kendrick Lamar',	'song',	'Black Boy Fry',	'good kid, m.A.A.d city',	NULL),
(89,	'Kendrick Lamar',	'song',	'Now or Never',	'good kid, m.A.A.d city',	NULL),
(90,	'Kendrick Lamar',	'song',	'Collect Calls',	'good kid, m.A.A.d city',	NULL),
(91,	'Kendrick Lamar',	'song',	'Bitch, Don\'t Kill My Vibe (Remix)',	'good kid, m.A.A.d city',	NULL),
(92,	'Kendrick Lamar',	'song',	'Bitch, Don\'t Kill My Vibe (International Remix)',	'good kid, m.A.A.d city',	NULL),
(93,	'Kendrick Lamar',	'album',	'To Pimp a Butterfly',	'To Pimp a Butterfly',	'2015'),
(94,	'Kendrick Lamar',	'song',	'Wesley\'s Theory',	'To Pimp a Butterfly',	NULL),
(95,	'Kendrick Lamar',	'song',	'For Free? (Interlude)',	'To Pimp a Butterfly',	NULL),
(96,	'Kendrick Lamar',	'song',	'King Kunta',	'To Pimp a Butterfly',	NULL),
(97,	'Kendrick Lamar',	'song',	'Institutionalized',	'To Pimp a Butterfly',	NULL),
(98,	'Kendrick Lamar',	'song',	'These Walls',	'To Pimp a Butterfly',	NULL),
(99,	'Kendrick Lamar',	'song',	'u',	'To Pimp a Butterfly',	NULL),
(100,	'Kendrick Lamar',	'song',	'Alright',	'To Pimp a Butterfly',	NULL),
(101,	'Kendrick Lamar',	'song',	'For Sale? (Interlude)',	'To Pimp a Butterfly',	NULL),
(102,	'Kendrick Lamar',	'song',	'Momma',	'To Pimp a Butterfly',	NULL),
(103,	'Kendrick Lamar',	'song',	'Hood Politics',	'To Pimp a Butterfly',	NULL),
(104,	'Kendrick Lamar',	'song',	'How Much a Dollar Cost',	'To Pimp a Butterfly',	NULL),
(105,	'Kendrick Lamar',	'song',	'Complexion (A Zulu Love)',	'To Pimp a Butterfly',	NULL),
(106,	'Kendrick Lamar',	'song',	'The Blacker the Berry',	'To Pimp a Butterfly',	NULL),
(107,	'Kendrick Lamar',	'song',	'You Ain\'t Gotta Lie (Momma Said)',	'To Pimp a Butterfly',	NULL),
(108,	'Kendrick Lamar',	'song',	'i',	'To Pimp a Butterfly',	NULL),
(109,	'Kendrick Lamar',	'song',	'Mortal Man',	'To Pimp a Butterfly',	NULL),
(110,	'Kendrick Lamar',	'album',	'DAMN.',	'DAMN.',	'2017'),
(111,	'Kendrick Lamar',	'song',	'BLOOD.',	'DAMN.',	NULL),
(112,	'Kendrick Lamar',	'song',	'DNA.',	'DAMN.',	NULL),
(113,	'Kendrick Lamar',	'song',	'YAH.',	'DAMN.',	NULL),
(114,	'Kendrick Lamar',	'song',	'ELEMENT.',	'DAMN.',	NULL),
(115,	'Kendrick Lamar',	'song',	'FEEL.',	'DAMN.',	NULL),
(116,	'Kendrick Lamar',	'song',	'LOYALTY.',	'DAMN.',	NULL),
(117,	'Kendrick Lamar',	'song',	'PRIDE.',	'DAMN.',	NULL),
(118,	'Kendrick Lamar',	'song',	'HUMBLE.',	'DAMN.',	NULL),
(119,	'Kendrick Lamar',	'song',	'LUST.',	'DAMN.',	NULL),
(120,	'Kendrick Lamar',	'song',	'LOVE.',	'DAMN.',	NULL),
(121,	'Kendrick Lamar',	'song',	'XXX.',	'DAMN.',	NULL),
(122,	'Kendrick Lamar',	'song',	'FEAR.',	'DAMN.',	NULL),
(123,	'Kendrick Lamar',	'song',	'GOD.',	'DAMN.',	NULL),
(124,	'Kendrick Lamar',	'song',	'DUCKWORTH.',	'DAMN.',	NULL),
(125,	'AWOLNATION',	'album',	'Megalithic Symphony',	'Megalithic Symphony',	'2011'),
(126,	'AWOLNATION',	'song',	'Megalithic Symphony',	'Megalithic Symphony',	NULL),
(127,	'AWOLNATION',	'song',	'Some Sort of Creature',	'Megalithic Symphony',	NULL),
(128,	'AWOLNATION',	'song',	'Soul Wars',	'Megalithic Symphony',	NULL),
(129,	'AWOLNATION',	'song',	'People',	'Megalithic Symphony',	NULL),
(130,	'AWOLNATION',	'song',	'Jump on My Shoulder',	'Megalithic Symphony',	NULL),
(131,	'AWOLNATION',	'song',	'Burn It Down',	'Megalithic Symphony',	NULL),
(132,	'AWOLNATION',	'song',	'Guilty Filthy Soul',	'Megalithic Symphony',	NULL),
(133,	'AWOLNATION',	'song',	'Kill Your Heroes',	'Megalithic Symphony',	NULL),
(134,	'AWOLNATION',	'song',	'My Nightmare\'s Dream',	'Megalithic Symphony',	NULL),
(135,	'AWOLNATION',	'song',	'Sail',	'Megalithic Symphony',	NULL),
(136,	'AWOLNATION',	'song',	'Wake Up',	'Megalithic Symphony',	NULL),
(137,	'AWOLNATION',	'song',	'Not Your Fault',	'Megalithic Symphony',	NULL),
(138,	'AWOLNATION',	'song',	'All I Need',	'Megalithic Symphony',	NULL),
(139,	'AWOLNATION',	'song',	'Knights of Shame',	'Megalithic Symphony',	NULL),
(140,	'AWOLNATION',	'song',	'Shoestrings',	'Megalithic Symphony',	NULL),
(141,	'AWOLNATION',	'song',	'I\'ve Been Dreaming',	'Megalithic Symphony',	NULL),
(142,	'AWOLNATION',	'song',	'Swinging from the Castles',	'Megalithic Symphony',	NULL),
(143,	'AWOLNATION',	'album',	'Run',	'Run',	'2015'),
(144,	'AWOLNATION',	'song',	'Run',	'Run',	NULL),
(145,	'AWOLNATION',	'song',	'Fat Face',	'Run',	NULL),
(146,	'AWOLNATION',	'song',	'Hollow Moon (Bad Wolf)',	'Run',	NULL),
(147,	'AWOLNATION',	'song',	'Jailbreak',	'Run',	NULL),
(148,	'AWOLNATION',	'song',	'KOOKSEVERYWHERE!!!',	'Run',	NULL),
(149,	'AWOLNATION',	'song',	'I Am',	'Run',	NULL),
(150,	'AWOLNATION',	'song',	'Headrest for My Soul',	'Run',	NULL),
(151,	'AWOLNATION',	'song',	'Dreamers',	'Run',	NULL),
(152,	'AWOLNATION',	'song',	'Windows',	'Run',	NULL),
(153,	'AWOLNATION',	'song',	'Holy Roller',	'Run',	NULL),
(154,	'AWOLNATION',	'song',	'Woman Woman',	'Run',	NULL),
(155,	'AWOLNATION',	'song',	'Lie Love Live Love',	'Run',	NULL),
(156,	'AWOLNATION',	'song',	'Like People, Like Plastic',	'Run',	NULL),
(157,	'AWOLNATION',	'song',	'Drinking Lightning',	'Run',	NULL),
(158,	'AWOLNATION',	'album',	'Here Come the Runts',	'Here Come the Runts',	'2018'),
(159,	'AWOLNATION',	'song',	'Here Come the Runts',	'Here Come the Runts',	NULL),
(160,	'AWOLNATION',	'song',	'Passion',	'Here Come the Runts',	NULL),
(161,	'AWOLNATION',	'song',	'Sound Witness System',	'Here Come the Runts',	NULL),
(162,	'AWOLNATION',	'song',	'Miracle Man',	'Here Come the Runts',	NULL),
(163,	'AWOLNATION',	'song',	'Handyman',	'Here Come the Runts',	NULL),
(164,	'AWOLNATION',	'song',	'Jealous Buffoon',	'Here Come the Runts',	NULL),
(165,	'AWOLNATION',	'song',	'Seven Sticks of Dynamite',	'Here Come the Runts',	NULL),
(166,	'AWOLNATION',	'song',	'A Little Luck and a Couple of Dogs',	'Here Come the Runts',	NULL),
(167,	'AWOLNATION',	'song',	'Table for One',	'Here Come the Runts',	NULL),
(168,	'AWOLNATION',	'song',	'My Molasses',	'Here Come the Runts',	NULL),
(169,	'AWOLNATION',	'song',	'Cannonball',	'Here Come the Runts',	NULL),
(170,	'AWOLNATION',	'song',	'Tall, Tall Tale',	'Here Come the Runts',	NULL),
(171,	'AWOLNATION',	'song',	'The Buffoon',	'Here Come the Runts',	NULL),
(172,	'AWOLNATION',	'song',	'Stop That Train',	'Here Come the Runts',	NULL),
(173,	'AWOLNATION',	'album',	'Angel Miners & Lightning Riders',	'Angel Miners & Lightning Riders',	'2020'),
(174,	'AWOLNATION',	'song',	'The Best',	'Angel Miners & Lightning Riders',	NULL),
(175,	'AWOLNATION',	'song',	'Slam (Angel Miners)',	'Angel Miners & Lightning Riders',	NULL),
(176,	'AWOLNATION',	'song',	'Mayday!!! Fiesta Fever',	'Angel Miners & Lightning Riders',	NULL),
(177,	'AWOLNATION',	'song',	'Lightning Riders',	'Angel Miners & Lightning Riders',	NULL),
(178,	'AWOLNATION',	'song',	'California Halo Blue',	'Angel Miners & Lightning Riders',	NULL),
(179,	'AWOLNATION',	'song',	'Radical',	'Angel Miners & Lightning Riders',	NULL),
(180,	'AWOLNATION',	'song',	'Battered, Black & Blue (Hole in My Heart)',	'Angel Miners & Lightning Riders',	NULL),
(181,	'AWOLNATION',	'song',	'Pacific Coast Highway in The Movies',	'Angel Miners & Lightning Riders',	NULL),
(182,	'AWOLNATION',	'song',	'Half Italian',	'Angel Miners & Lightning Riders',	NULL),
(183,	'AWOLNATION',	'song',	'Drive',	'Angel Miners & Lightning Riders',	NULL),
(184,	'AWOLNATION',	'song',	'I\'m a Wreck',	'Angel Miners & Lightning Riders',	NULL),
(185,	'AWOLNATION',	'song',	'Jet Pack (Capala)',	'Angel Miners & Lightning Riders',	NULL),
(186,	'Imagine Dragons',	'album',	'Night Visions',	'Night Visions',	'2012'),
(187,	'Imagine Dragons',	'song',	'Radioactive',	'Night Visions',	NULL),
(188,	'Imagine Dragons',	'song',	'Tiptoe',	'Night Visions',	NULL),
(189,	'Imagine Dragons',	'song',	'It\'s Time',	'Night Visions',	NULL),
(190,	'Imagine Dragons',	'song',	'Demons',	'Night Visions',	NULL),
(191,	'Imagine Dragons',	'song',	'On Top of the World',	'Night Visions',	NULL),
(192,	'Imagine Dragons',	'song',	'Amsterdam',	'Night Visions',	NULL),
(193,	'Imagine Dragons',	'song',	'Hear Me',	'Night Visions',	NULL),
(194,	'Imagine Dragons',	'song',	'Every Night',	'Night Visions',	NULL),
(195,	'Imagine Dragons',	'song',	'Bleeding Out',	'Night Visions',	NULL),
(196,	'Imagine Dragons',	'song',	'Underdog',	'Night Visions',	NULL),
(197,	'Imagine Dragons',	'song',	'Nothing Left to Say / Rocks',	'Night Visions',	NULL),
(198,	'Imagine Dragons',	'album',	'Smoke + Mirrors',	'Smoke + Mirrors',	'2015'),
(199,	'Imagine Dragons',	'song',	'Shots',	'Smoke + Mirrors',	NULL),
(200,	'Imagine Dragons',	'song',	'Gold',	'Smoke + Mirrors',	NULL),
(201,	'Imagine Dragons',	'song',	'Smoke and Mirrors',	'Smoke + Mirrors',	NULL),
(202,	'Imagine Dragons',	'song',	'I\'m So Sorry',	'Smoke + Mirrors',	NULL),
(203,	'Imagine Dragons',	'song',	'I Bet My Life',	'Smoke + Mirrors',	NULL),
(204,	'Imagine Dragons',	'song',	'Polaroid',	'Smoke + Mirrors',	NULL),
(205,	'Imagine Dragons',	'song',	'Friction',	'Smoke + Mirrors',	NULL),
(206,	'Imagine Dragons',	'song',	'It Comes Back to You',	'Smoke + Mirrors',	NULL),
(207,	'Imagine Dragons',	'song',	'Dream',	'Smoke + Mirrors',	NULL),
(208,	'Imagine Dragons',	'song',	'Trouble',	'Smoke + Mirrors',	NULL),
(209,	'Imagine Dragons',	'song',	'Summer',	'Smoke + Mirrors',	NULL),
(210,	'Imagine Dragons',	'song',	'Hopeless Opus',	'Smoke + Mirrors',	NULL),
(211,	'Imagine Dragons',	'song',	'The Fall',	'Smoke + Mirrors',	NULL),
(212,	'Imagine Dragons',	'song',	'Thief',	'Smoke + Mirrors',	NULL),
(213,	'Imagine Dragons',	'song',	'The Unknown',	'Smoke + Mirrors',	NULL),
(214,	'Imagine Dragons',	'song',	'Second Chances',	'Smoke + Mirrors',	NULL),
(215,	'Imagine Dragons',	'song',	'Release',	'Smoke + Mirrors',	NULL),
(216,	'Imagine Dragons',	'song',	'Warriors',	'Smoke + Mirrors',	NULL),
(217,	'Imagine Dragons',	'song',	'Battle Cry',	'Smoke + Mirrors',	NULL),
(218,	'Imagine Dragons',	'song',	'Monster',	'Smoke + Mirrors',	NULL),
(219,	'Imagine Dragons',	'song',	'Who We Are',	'Smoke + Mirrors',	NULL),
(220,	'Imagine Dragons',	'album',	'Evolve',	'Evolve',	'2017'),
(221,	'Imagine Dragons',	'song',	'I Don\'t Know Why',	'Evolve',	NULL),
(222,	'Imagine Dragons',	'song',	'Whatever It Takes',	'Evolve',	NULL),
(223,	'Imagine Dragons',	'song',	'Believer',	'Evolve',	NULL),
(224,	'Imagine Dragons',	'song',	'Walking the Wire',	'Evolve',	NULL),
(225,	'Imagine Dragons',	'song',	'Rise Up',	'Evolve',	NULL),
(226,	'Imagine Dragons',	'song',	'I\'ll Make It Up to You',	'Evolve',	NULL),
(227,	'Imagine Dragons',	'song',	'Yesterday',	'Evolve',	NULL),
(228,	'Imagine Dragons',	'song',	'Mouth of the River',	'Evolve',	NULL),
(229,	'Imagine Dragons',	'song',	'Thunder',	'Evolve',	NULL),
(230,	'Imagine Dragons',	'song',	'Start Over',	'Evolve',	NULL),
(231,	'Imagine Dragons',	'song',	'Dancing in the Dark',	'Evolve',	NULL),
(232,	'Imagine Dragons',	'album',	'Origins',	'Origins',	'2018'),
(233,	'Imagine Dragons',	'song',	'Natural',	'Origins',	NULL),
(234,	'Imagine Dragons',	'song',	'Boomerang',	'Origins',	NULL),
(235,	'Imagine Dragons',	'song',	'Machine',	'Origins',	NULL),
(236,	'Imagine Dragons',	'song',	'Cool Out',	'Origins',	NULL),
(237,	'Imagine Dragons',	'song',	'Bad Liar',	'Origins',	NULL),
(238,	'Imagine Dragons',	'song',	'West Coast',	'Origins',	NULL),
(239,	'Imagine Dragons',	'song',	'Zero',	'Origins',	NULL),
(240,	'Imagine Dragons',	'song',	'Bullet in a Gun',	'Origins',	NULL),
(241,	'Imagine Dragons',	'song',	'Digital',	'Origins',	NULL),
(242,	'Imagine Dragons',	'song',	'Only',	'Origins',	NULL),
(243,	'Imagine Dragons',	'song',	'Stuck',	'Origins',	NULL),
(244,	'Imagine Dragons',	'song',	'Love',	'Origins',	NULL),
(245,	'Imagine Dragons',	'song',	'Birds',	'Origins',	NULL),
(246,	'Imagine Dragons',	'song',	'Burn Out',	'Origins',	NULL),
(247,	'Imagine Dragons',	'song',	'Real Life',	'Origins',	NULL),
(248,	'Imagine Dragons',	'song',	'Born to Be Yours',	'Origins',	NULL),
(249,	'Fall Out Boy',	'album',	'Take This to Your Grave',	'Take This to Your Grave',	'2003'),
(250,	'Fall Out Boy',	'song',	'Tell That Mick He Just Made My List of Things to Do Today',	'Take This to Your Grave',	NULL),
(251,	'Fall Out Boy',	'song',	'Dead on Arrival',	'Take This to Your Grave',	NULL),
(252,	'Fall Out Boy',	'song',	'Grand Theft Autumn/Where is Your Boy',	'Take This to Your Grave',	NULL),
(253,	'Fall Out Boy',	'song',	'Saturday',	'Take This to Your Grave',	NULL),
(254,	'Fall Out Boy',	'song',	'Homesick at Space Camp',	'Take This to Your Grave',	NULL),
(255,	'Fall Out Boy',	'song',	'Sending Postcards From a Plane Crash (Wish You Were Here)',	'Take This to Your Grave',	NULL),
(256,	'Fall Out Boy',	'song',	'Chicago is So Two Years Ago',	'Take This to Your Grave',	NULL),
(257,	'Fall Out Boy',	'song',	'The Pros and Cons of Breathing',	'Take This to Your Grave',	NULL),
(258,	'Fall Out Boy',	'song',	'Grenade Jumper',	'Take This to Your Grave',	NULL),
(259,	'Fall Out Boy',	'song',	'Calm Before the Storm',	'Take This to Your Grave',	NULL),
(260,	'Fall Out Boy',	'song',	'Reinventing the Wheel to Run Myself Over',	'Take This to Your Grave',	NULL),
(261,	'Fall Out Boy',	'song',	'The Patron Saint of Liars and Fakes',	'Take This to Your Grave',	NULL),
(262,	'Fall Out Boy',	'song',	'Roxanne',	'Take This to Your Grave',	NULL),
(263,	'Fall Out Boy',	'album',	'From Under the Cork Tree',	'From Under the Cork Tree',	'2005'),
(264,	'Fall Out Boy',	'song',	'Our Lawyer Made Us Change the Name of This Song So We Wouldn\'t Get Sued',	'From Under the Cork Tree',	NULL),
(265,	'Fall Out Boy',	'song',	'Of All the Gin Joins in All the World',	'From Under the Cork Tree',	NULL),
(266,	'Fall Out Boy',	'song',	'Dance, Dance',	'From Under the Cork Tree',	NULL),
(267,	'Fall Out Boy',	'song',	'Sugar, We\'re Goin Down',	'From Under the Cork Tree',	NULL),
(268,	'Fall Out Boy',	'song',	'Nobody Puts Baby in the Corner',	'From Under the Cork Tree',	NULL),
(269,	'Fall Out Boy',	'song',	'I\'ve Got a Dark Alley and a Bad Idea That Says You Should Shut Your Mouth (Summer Song)',	'From Under the Cork Tree',	NULL),
(270,	'Fall Out Boy',	'song',	'7 Minutes in Heaven (Atavan Halen)',	'From Under the Cork Tree',	NULL),
(271,	'Fall Out Boy',	'song',	'Sophomore Slump or Comeback of the Year',	'From Under the Cork Tree',	NULL),
(272,	'Fall Out Boy',	'song',	'Champagne for My Real Friends, Real Pain for My Sham Friends',	'From Under the Cork Tree',	NULL),
(273,	'Fall Out Boy',	'song',	'I Slept with Someone in Fall Out Boy and All I Got Was This Stupid Song Written About Me',	'From Under the Cork Tree',	NULL),
(274,	'Fall Out Boy',	'song',	'A Little Less Sixteen Candles, a Little More \"Touch Me\"',	'From Under the Cork Tree',	NULL),
(275,	'Fall Out Boy',	'song',	'Get Busy Living or Get Busy Dying (Do Your Part to Save the Scene and Stop Going to Shows)',	'From Under the Cork Tree',	NULL),
(276,	'Fall Out Boy',	'song',	'XO',	'From Under the Cork Tree',	NULL),
(277,	'Fall Out Boy',	'song',	'Snitches and Talkers Get Stitches and Walkers',	'From Under the Cork Tree',	NULL),
(278,	'Fall Out Boy',	'song',	'The Music or the Misery',	'From Under the Cork Tree',	NULL),
(279,	'Fall Out Boy',	'song',	'My Heart is the Worst Kind of Weapon (Demo)',	'From Under the Cork Tree',	NULL),
(280,	'Fall Out Boy',	'album',	'Infinity on High',	'Infinity on High',	'2007'),
(281,	'Fall Out Boy',	'song',	'Thriller',	'Infinity on High',	NULL),
(282,	'Fall Out Boy',	'song',	'\"The Take Over, the Breaks Over\"',	'Infinity on High',	NULL),
(283,	'Fall Out Boy',	'song',	'This Ain\'t a Scene, It\'s An Arms Race',	'Infinity on High',	NULL),
(284,	'Fall Out Boy',	'song',	'I\'m Like a Lawyer with the Way I\'m Always Trying to Get You Off (Me & You)',	'Infinity on High',	NULL),
(285,	'Fall Out Boy',	'song',	'Hum Hallelujah',	'Infinity on High',	NULL),
(286,	'Fall Out Boy',	'song',	'Golden',	'Infinity on High',	NULL),
(287,	'Fall Out Boy',	'song',	'Thnks fr th Mmrs',	'Infinity on High',	NULL),
(288,	'Fall Out Boy',	'song',	'Don\'t You Know Who I Think I Am?',	'Infinity on High',	NULL),
(289,	'Fall Out Boy',	'song',	'The (After) Life of the Party',	'Infinity on High',	NULL),
(290,	'Fall Out Boy',	'song',	'The Carpal Tunnel of Love',	'Infinity on High',	NULL),
(291,	'Fall Out Boy',	'song',	'Bang the Doldrums',	'Infinity on High',	NULL),
(292,	'Fall Out Boy',	'song',	'Fame < Infamy',	'Infinity on High',	NULL),
(293,	'Fall Out Boy',	'song',	'You\'re Crashing, But You\'re No Wave',	'Infinity on High',	NULL),
(294,	'Fall Out Boy',	'song',	'I\'ve Got All This Ringing in My Ears and None On My Fingers',	'Infinity on High',	NULL),
(295,	'Fall Out Boy',	'song',	'G.I.N.A.S.F.S.',	'Infinity on High',	NULL),
(296,	'Fall Out Boy',	'song',	'It\'s Hard to Say \"I Do\", When I Don\'t',	'Infinity on High',	NULL),
(297,	'Fall Out Boy',	'album',	'Folie à Deux',	'Folie à Deux',	'2008'),
(298,	'Fall Out Boy',	'song',	'Disloyal Order of Water Buffaloes',	'Folie à Deux',	NULL),
(299,	'Fall Out Boy',	'song',	'I Don\'t Care',	'Folie à Deux',	NULL),
(300,	'Fall Out Boy',	'song',	'She\'s My Winona',	'Folie à Deux',	NULL),
(301,	'Fall Out Boy',	'song',	'America\'s Suitehearts',	'Folie à Deux',	NULL),
(302,	'Fall Out Boy',	'song',	'Headfirst Slide into Cooperstown on a Bad Bet',	'Folie à Deux',	NULL),
(303,	'Fall Out Boy',	'song',	'The (Shipped) Gold Standard',	'Folie à Deux',	NULL),
(304,	'Fall Out Boy',	'song',	'(Coffee\'s for Closers)',	'Folie à Deux',	NULL),
(305,	'Fall Out Boy',	'song',	'What a Catch, Donnie',	'Folie à Deux',	NULL),
(306,	'Fall Out Boy',	'song',	'27',	'Folie à Deux',	NULL),
(307,	'Fall Out Boy',	'song',	'Tiffany Blews',	'Folie à Deux',	NULL),
(308,	'Fall Out Boy',	'song',	'w.a.m.s.',	'Folie à Deux',	NULL),
(309,	'Fall Out Boy',	'song',	'20 Dollar Nose Bleed',	'Folie à Deux',	NULL),
(310,	'Fall Out Boy',	'song',	'West Coast Smoker',	'Folie à Deux',	NULL),
(311,	'Fall Out Boy',	'song',	'Pavlove',	'Folie à Deux',	NULL),
(312,	'Fall Out Boy',	'song',	'Beat It',	'Folie à Deux',	NULL),
(313,	'Fall Out Boy',	'song',	'Lullabye',	'Folie à Deux',	NULL),
(314,	'Fall Out Boy',	'album',	'Save Rock and Roll',	'Save Rock and Roll',	'2013'),
(315,	'Fall Out Boy',	'song',	'The Phoenix',	'Save Rock and Roll',	NULL),
(316,	'Fall Out Boy',	'song',	'My Songs Know What You Did in the Dark (Light \'Em Up)',	'Save Rock and Roll',	NULL),
(317,	'Fall Out Boy',	'song',	'Alone Together',	'Save Rock and Roll',	NULL),
(318,	'Fall Out Boy',	'song',	'Where Did the Party Go',	'Save Rock and Roll',	NULL),
(319,	'Fall Out Boy',	'song',	'Just One Yesterday',	'Save Rock and Roll',	NULL),
(320,	'Fall Out Boy',	'song',	'The Mighty Fall',	'Save Rock and Roll',	NULL),
(321,	'Fall Out Boy',	'song',	'Miss Missing You',	'Save Rock and Roll',	NULL),
(322,	'Fall Out Boy',	'song',	'Death Valley',	'Save Rock and Roll',	NULL),
(323,	'Fall Out Boy',	'song',	'Young Volcanoes',	'Save Rock and Roll',	NULL),
(324,	'Fall Out Boy',	'song',	'Rat a Tat',	'Save Rock and Roll',	NULL),
(325,	'Fall Out Boy',	'song',	'Save Rock and Roll',	'Save Rock and Roll',	NULL),
(326,	'Fall Out Boy',	'album',	'American Beauty / American Psycho',	'American Beauty / American Psycho',	'2015'),
(327,	'Fall Out Boy',	'song',	'Irresistible',	'American Beauty / American Psycho',	NULL),
(328,	'Fall Out Boy',	'song',	'American Beauty/American Psycho',	'American Beauty / American Psycho',	NULL),
(329,	'Fall Out Boy',	'song',	'Centuries',	'American Beauty / American Psycho',	NULL),
(330,	'Fall Out Boy',	'song',	'The Kids Aren\'t Alright',	'American Beauty / American Psycho',	NULL),
(331,	'Fall Out Boy',	'song',	'Uma Thurman',	'American Beauty / American Psycho',	NULL),
(332,	'Fall Out Boy',	'song',	'Jet Pack Blues',	'American Beauty / American Psycho',	NULL),
(333,	'Fall Out Boy',	'song',	'Novocaine',	'American Beauty / American Psycho',	NULL),
(334,	'Fall Out Boy',	'song',	'Fourth of July',	'American Beauty / American Psycho',	NULL),
(335,	'Fall Out Boy',	'song',	'Favorite Record',	'American Beauty / American Psycho',	NULL),
(336,	'Fall Out Boy',	'song',	'Immortals',	'American Beauty / American Psycho',	NULL),
(337,	'Fall Out Boy',	'song',	'Twin Skeleton\'s (Hotel in NYC)',	'American Beauty / American Psycho',	NULL),
(338,	'Fall Out Boy',	'album',	'M A  N   I    A',	'M A  N   I    A',	'2018'),
(339,	'Fall Out Boy',	'song',	'Stay Frosty Royal Milk Tea',	'M A  N   I    A',	NULL),
(340,	'Fall Out Boy',	'song',	'The Last of the Real Ones',	'M A  N   I    A',	NULL),
(341,	'Fall Out Boy',	'song',	'HOLD ME TIGHT OR DON\'T',	'M A  N   I    A',	NULL),
(342,	'Fall Out Boy',	'song',	'Wilson (Expensive Mistakes)',	'M A  N   I    A',	NULL),
(343,	'Fall Out Boy',	'song',	'Church',	'M A  N   I    A',	NULL),
(344,	'Fall Out Boy',	'song',	'Heaven\'s Gate',	'M A  N   I    A',	NULL),
(345,	'Fall Out Boy',	'song',	'Champion',	'M A  N   I    A',	NULL),
(346,	'Fall Out Boy',	'song',	'Sunshine Riptide',	'M A  N   I    A',	NULL),
(347,	'Fall Out Boy',	'song',	'Young and Menace',	'M A  N   I    A',	NULL),
(348,	'Fall Out Boy',	'song',	'Bishops Knife Trick',	'M A  N   I    A',	NULL),
(349,	'Panic! at the Disco',	'album',	'A Fever You Can\'t Sweat Out',	'A Fever You Can\'t Sweat Out',	'2005'),
(350,	'Panic! at the Disco',	'song',	'Introduction',	'A Fever You Can\'t Sweat Out',	NULL),
(351,	'Panic! at the Disco',	'song',	'The Only Difference Between Martyrdom and Suicide Is Press Coverage',	'A Fever You Can\'t Sweat Out',	NULL),
(352,	'Panic! at the Disco',	'song',	'London Beckoned Songs About Money Written by Machines',	'A Fever You Can\'t Sweat Out',	NULL),
(353,	'Panic! at the Disco',	'song',	'Nails for Breakfast, Tacks for Snacks',	'A Fever You Can\'t Sweat Out',	NULL),
(354,	'Panic! at the Disco',	'song',	'Camisado',	'A Fever You Can\'t Sweat Out',	NULL),
(355,	'Panic! at the Disco',	'song',	'Time to Dance',	'A Fever You Can\'t Sweat Out',	NULL),
(356,	'Panic! at the Disco',	'song',	'Lying Is the Most Fun a Girl Can Have Without Taking Her Clothes Off',	'A Fever You Can\'t Sweat Out',	NULL),
(357,	'Panic! at the Disco',	'song',	'Intermission',	'A Fever You Can\'t Sweat Out',	NULL),
(358,	'Panic! at the Disco',	'song',	'But It\'s Better If You Do',	'A Fever You Can\'t Sweat Out',	NULL),
(359,	'Panic! at the Disco',	'song',	'I Write Sins Not Tragedies',	'A Fever You Can\'t Sweat Out',	NULL),
(360,	'Panic! at the Disco',	'song',	'I Constantly Thank God for Esteban',	'A Fever You Can\'t Sweat Out',	NULL),
(361,	'Panic! at the Disco',	'song',	'There\'s a Good Reason These Tables Are Numbered Honey, You Just Haven\'t Thought of It Yet',	'A Fever You Can\'t Sweat Out',	NULL),
(362,	'Panic! at the Disco',	'song',	'Build God, Then We\'ll Talk',	'A Fever You Can\'t Sweat Out',	NULL),
(363,	'Panic! at the Disco',	'album',	'Pretty. Odd.',	'Pretty. Odd.',	'2008'),
(364,	'Panic! at the Disco',	'song',	'We\'re So Starving',	'Pretty. Odd.',	NULL),
(365,	'Panic! at the Disco',	'song',	'Nine in the Afternoon',	'Pretty. Odd.',	NULL),
(366,	'Panic! at the Disco',	'song',	'She\'s a Handsome Woman',	'Pretty. Odd.',	NULL),
(367,	'Panic! at the Disco',	'song',	'Do You Know What I\'m Seeing?',	'Pretty. Odd.',	NULL),
(368,	'Panic! at the Disco',	'song',	'That Green Gentleman (Things Have Changed)',	'Pretty. Odd.',	NULL),
(369,	'Panic! at the Disco',	'song',	'I Have Friends in Holy Spaces',	'Pretty. Odd.',	NULL),
(370,	'Panic! at the Disco',	'song',	'Northern Downpour',	'Pretty. Odd.',	NULL),
(371,	'Panic! at the Disco',	'song',	'When the Day Met the Night',	'Pretty. Odd.',	NULL),
(372,	'Panic! at the Disco',	'song',	'Pas de Cheval',	'Pretty. Odd.',	NULL),
(373,	'Panic! at the Disco',	'song',	'The Piano Knows Something I Don\'t Know',	'Pretty. Odd.',	NULL),
(374,	'Panic! at the Disco',	'song',	'Behind the Sea',	'Pretty. Odd.',	NULL),
(375,	'Panic! at the Disco',	'song',	'Folkin\' Around',	'Pretty. Odd.',	NULL),
(376,	'Panic! at the Disco',	'song',	'She Had the World',	'Pretty. Odd.',	NULL),
(377,	'Panic! at the Disco',	'song',	'From a Mountain in the Middle of the Cabins',	'Pretty. Odd.',	NULL),
(378,	'Panic! at the Disco',	'song',	'Mad as Rabbits',	'Pretty. Odd.',	NULL),
(379,	'Panic! at the Disco',	'album',	'Vices & Virtues',	'Vices & Virtues',	'2011'),
(380,	'Panic! at the Disco',	'song',	'The Ballad of Mona Lisa',	'Vices & Virtues',	NULL),
(381,	'Panic! at the Disco',	'song',	'Let\'s Kill Tonight',	'Vices & Virtues',	NULL),
(382,	'Panic! at the Disco',	'song',	'Hurricane',	'Vices & Virtues',	NULL),
(383,	'Panic! at the Disco',	'song',	'Memories',	'Vices & Virtues',	NULL),
(384,	'Panic! at the Disco',	'song',	'Trade Mistakes',	'Vices & Virtues',	NULL),
(385,	'Panic! at the Disco',	'song',	'Ready to Go (Get Me Out of My Mind)',	'Vices & Virtues',	NULL),
(386,	'Panic! at the Disco',	'song',	'Always',	'Vices & Virtues',	NULL),
(387,	'Panic! at the Disco',	'song',	'The Calendar',	'Vices & Virtues',	NULL),
(388,	'Panic! at the Disco',	'song',	'Sarah Smiles',	'Vices & Virtues',	NULL),
(389,	'Panic! at the Disco',	'song',	'Nearly Witches (Ever Since We Met...)',	'Vices & Virtues',	NULL),
(390,	'Panic! at the Disco',	'song',	'Kaleidoscope Eyes',	'Vices & Virtues',	NULL),
(391,	'Panic! at the Disco',	'song',	'Stall Me',	'Vices & Virtues',	NULL),
(392,	'Panic! at the Disco',	'song',	'Oh Glory (Demo)',	'Vices & Virtues',	NULL),
(393,	'Panic! at the Disco',	'song',	'I Wanna Be Free',	'Vices & Virtues',	NULL),
(394,	'Panic! at the Disco',	'song',	'Turn Off the Lights',	'Vices & Virtues',	NULL),
(395,	'Panic! at the Disco',	'song',	'Bittersweet',	'Vices & Virtues',	NULL),
(396,	'Panic! at the Disco',	'album',	'Too Weird to Live, Too Rare to Die!',	'Too Weird to Live, Too Rare to Die!',	'2013'),
(397,	'Panic! at the Disco',	'song',	'This is Gospel',	'Too Weird to Live, Too Rare to Die!',	NULL),
(398,	'Panic! at the Disco',	'song',	'Miss Jackson',	'Too Weird to Live, Too Rare to Die!',	NULL),
(399,	'Panic! at the Disco',	'song',	'Vegas Lights',	'Too Weird to Live, Too Rare to Die!',	NULL),
(400,	'Panic! at the Disco',	'song',	'Girl That You Love',	'Too Weird to Live, Too Rare to Die!',	NULL),
(401,	'Panic! at the Disco',	'song',	'Nicotine',	'Too Weird to Live, Too Rare to Die!',	NULL),
(402,	'Panic! at the Disco',	'song',	'Girls/Girls/Boys',	'Too Weird to Live, Too Rare to Die!',	NULL),
(403,	'Panic! at the Disco',	'song',	'Casual Affair',	'Too Weird to Live, Too Rare to Die!',	NULL),
(404,	'Panic! at the Disco',	'song',	'Far Too Young to Die',	'Too Weird to Live, Too Rare to Die!',	NULL),
(405,	'Panic! at the Disco',	'song',	'Collar Full',	'Too Weird to Live, Too Rare to Die!',	NULL),
(406,	'Panic! at the Disco',	'song',	'The End of All Things',	'Too Weird to Live, Too Rare to Die!',	NULL),
(407,	'Panic! at the Disco',	'song',	'Can\'t Fight Against the Youth',	'Too Weird to Live, Too Rare to Die!',	NULL),
(408,	'Panic! at the Disco',	'song',	'All the Boys',	'Too Weird to Live, Too Rare to Die!',	NULL),
(409,	'Panic! at the Disco',	'album',	'Death of a Bachelor',	'Death of a Bachelor',	'2016'),
(410,	'Panic! at the Disco',	'song',	'Victorious',	'Death of a Bachelor',	NULL),
(411,	'Panic! at the Disco',	'song',	'Don\'t Threaten Me with a Good Time',	'Death of a Bachelor',	NULL),
(412,	'Panic! at the Disco',	'song',	'Hallelujah',	'Death of a Bachelor',	NULL),
(413,	'Panic! at the Disco',	'song',	'Emperor\'s New Clothes',	'Death of a Bachelor',	NULL),
(414,	'Panic! at the Disco',	'song',	'Death of a Bachelor',	'Death of a Bachelor',	NULL),
(415,	'Panic! at the Disco',	'song',	'Crazy=Genius',	'Death of a Bachelor',	NULL),
(416,	'Panic! at the Disco',	'song',	'LA Devotee',	'Death of a Bachelor',	NULL),
(417,	'Panic! at the Disco',	'song',	'Golden Days',	'Death of a Bachelor',	NULL),
(418,	'Panic! at the Disco',	'song',	'The Good, the Bad and the Dirty',	'Death of a Bachelor',	NULL),
(419,	'Panic! at the Disco',	'song',	'House of Memories',	'Death of a Bachelor',	NULL),
(420,	'Panic! at the Disco',	'song',	'Impossible Year',	'Death of a Bachelor',	NULL),
(421,	'Panic! at the Disco',	'album',	'Pray for the Wicked',	'Pray for the Wicked',	'2018'),
(422,	'Panic! at the Disco',	'song',	'(Fuck A) Silver Lining',	'Pray for the Wicked',	NULL),
(423,	'Panic! at the Disco',	'song',	'Say Amen (Saturday Night)',	'Pray for the Wicked',	NULL),
(424,	'Panic! at the Disco',	'song',	'Hey Look Ma, I Made It',	'Pray for the Wicked',	NULL),
(425,	'Panic! at the Disco',	'song',	'High Hopes',	'Pray for the Wicked',	NULL),
(426,	'Panic! at the Disco',	'song',	'Roaring 20s',	'Pray for the Wicked',	NULL),
(427,	'Panic! at the Disco',	'song',	'Dancing\'s Not a Crime',	'Pray for the Wicked',	NULL),
(428,	'Panic! at the Disco',	'song',	'One of the Drunks',	'Pray for the Wicked',	NULL),
(429,	'Panic! at the Disco',	'song',	'The Overpass',	'Pray for the Wicked',	NULL),
(430,	'Panic! at the Disco',	'song',	'King of the Clouds',	'Pray for the Wicked',	NULL),
(431,	'Panic! at the Disco',	'song',	'Old Fashioned',	'Pray for the Wicked',	NULL),
(432,	'Panic! at the Disco',	'song',	'Dying in LA',	'Pray for the Wicked',	NULL),
(433,	'Led Zeppelin',	'album',	'Led Zeppelin',	'Led Zeppelin',	'1969'),
(434,	'Led Zeppelin',	'song',	'Good Times Bad Times',	'Led Zeppelin',	NULL),
(435,	'Led Zeppelin',	'song',	'Babe I\'m Gonna Leave You',	'Led Zeppelin',	NULL),
(436,	'Led Zeppelin',	'song',	'You Shook Me',	'Led Zeppelin',	NULL),
(437,	'Led Zeppelin',	'song',	'Dazed and Confused',	'Led Zeppelin',	NULL),
(438,	'Led Zeppelin',	'song',	'Your Time Is Gonna Come',	'Led Zeppelin',	NULL),
(439,	'Led Zeppelin',	'song',	'Black Mountain Side',	'Led Zeppelin',	NULL),
(440,	'Led Zeppelin',	'song',	'Communication Breakdown',	'Led Zeppelin',	NULL),
(441,	'Led Zeppelin',	'song',	'I Can\'t Quit You Baby',	'Led Zeppelin',	NULL),
(442,	'Led Zeppelin',	'song',	'How Many More Times',	'Led Zeppelin',	NULL),
(443,	'Led Zeppelin',	'album',	'Led Zeppelin II',	'Led Zeppelin II',	'1969'),
(444,	'Led Zeppelin',	'song',	'Whole Lotta Love',	'Led Zeppelin II',	NULL),
(445,	'Led Zeppelin',	'song',	'What Is and What Should Never Be',	'Led Zeppelin II',	NULL),
(446,	'Led Zeppelin',	'song',	'The Lemon Song',	'Led Zeppelin II',	NULL),
(447,	'Led Zeppelin',	'song',	'Thank You',	'Led Zeppelin II',	NULL),
(448,	'Led Zeppelin',	'song',	'Heartbreaker',	'Led Zeppelin II',	NULL),
(449,	'Led Zeppelin',	'song',	'Living Loving Maid (She\'s Just a Woman)',	'Led Zeppelin II',	NULL),
(450,	'Led Zeppelin',	'song',	'Ramble On',	'Led Zeppelin II',	NULL),
(451,	'Led Zeppelin',	'song',	'Moby Dick',	'Led Zeppelin II',	NULL),
(452,	'Led Zeppelin',	'song',	'Bring It On Home',	'Led Zeppelin II',	NULL),
(453,	'Led Zeppelin',	'song',	'La La',	'Led Zeppelin II',	NULL),
(454,	'Led Zeppelin',	'album',	'Led Zeppelin III',	'Led Zeppelin III',	'1970'),
(455,	'Led Zeppelin',	'song',	'Immigrant Song',	'Led Zeppelin III',	NULL),
(456,	'Led Zeppelin',	'song',	'Friends',	'Led Zeppelin III',	NULL),
(457,	'Led Zeppelin',	'song',	'Celebration Day',	'Led Zeppelin III',	NULL),
(458,	'Led Zeppelin',	'song',	'Since I\'ve Been Loving You',	'Led Zeppelin III',	NULL),
(459,	'Led Zeppelin',	'song',	'Out on the Tiles',	'Led Zeppelin III',	NULL),
(460,	'Led Zeppelin',	'song',	'Gallows Pole',	'Led Zeppelin III',	NULL),
(461,	'Led Zeppelin',	'song',	'Tangerine',	'Led Zeppelin III',	NULL),
(462,	'Led Zeppelin',	'song',	'That\'s the Way',	'Led Zeppelin III',	NULL),
(463,	'Led Zeppelin',	'song',	'Bron-Y-Aur Stomp',	'Led Zeppelin III',	NULL),
(464,	'Led Zeppelin',	'song',	'Hats Off to [Roy] Harper',	'Led Zeppelin III',	NULL),
(465,	'Led Zeppelin',	'song',	'Jennings Farm Blues',	'Led Zeppelin III',	NULL),
(466,	'Led Zeppelin',	'song',	'Key to the Highway/Trouble in Mind',	'Led Zeppelin III',	NULL),
(467,	'Led Zeppelin',	'album',	'Led Zeppelin IV',	'Led Zeppelin IV',	'1971'),
(468,	'Led Zeppelin',	'song',	'Black Dog',	'Led Zeppelin IV',	NULL),
(469,	'Led Zeppelin',	'song',	'Rock and Roll',	'Led Zeppelin IV',	NULL),
(470,	'Led Zeppelin',	'song',	'The Battle of Evermore',	'Led Zeppelin IV',	NULL),
(471,	'Led Zeppelin',	'song',	'Stairway to Heaven',	'Led Zeppelin IV',	NULL),
(472,	'Led Zeppelin',	'song',	'Misty Mountain Hop',	'Led Zeppelin IV',	NULL),
(473,	'Led Zeppelin',	'song',	'Four Sticks',	'Led Zeppelin IV',	NULL),
(474,	'Led Zeppelin',	'song',	'Going to California',	'Led Zeppelin IV',	NULL),
(475,	'Led Zeppelin',	'song',	'When the Levee Breaks',	'Led Zeppelin IV',	NULL),
(476,	'Led Zeppelin',	'album',	'Houses of the Holy',	'Houses of the Holy',	'1973'),
(477,	'Led Zeppelin',	'song',	'The Song Remains the Same',	'Houses of the Holy',	NULL),
(478,	'Led Zeppelin',	'song',	'The Rain Song',	'Houses of the Holy',	NULL),
(479,	'Led Zeppelin',	'song',	'Over the Hills and Far Away',	'Houses of the Holy',	NULL),
(480,	'Led Zeppelin',	'song',	'The Crunge',	'Houses of the Holy',	NULL),
(481,	'Led Zeppelin',	'song',	'Dancing Days',	'Houses of the Holy',	NULL),
(482,	'Led Zeppelin',	'song',	'D\'yer Mak\'er',	'Houses of the Holy',	NULL),
(483,	'Led Zeppelin',	'song',	'No Quarter',	'Houses of the Holy',	NULL),
(484,	'Led Zeppelin',	'song',	'The Ocean',	'Houses of the Holy',	NULL),
(485,	'Led Zeppelin',	'album',	'Physical Graffiti',	'Physical Graffiti',	'1975'),
(486,	'Led Zeppelin',	'song',	'Custard Pie',	'Physical Graffiti',	NULL),
(487,	'Led Zeppelin',	'song',	'The Rover',	'Physical Graffiti',	NULL),
(488,	'Led Zeppelin',	'song',	'In My Time of Dying',	'Physical Graffiti',	NULL),
(489,	'Led Zeppelin',	'song',	'Houses of the Holy',	'Physical Graffiti',	NULL),
(490,	'Led Zeppelin',	'song',	'Trampled Under Foot',	'Physical Graffiti',	NULL),
(491,	'Led Zeppelin',	'song',	'Kashmir',	'Physical Graffiti',	NULL),
(492,	'Led Zeppelin',	'song',	'In the Light',	'Physical Graffiti',	NULL),
(493,	'Led Zeppelin',	'song',	'Bron-Yr-Aur',	'Physical Graffiti',	NULL),
(494,	'Led Zeppelin',	'song',	'Down by the Seaside',	'Physical Graffiti',	NULL),
(495,	'Led Zeppelin',	'song',	'Ten Years Gone',	'Physical Graffiti',	NULL),
(496,	'Led Zeppelin',	'song',	'Night Flight',	'Physical Graffiti',	NULL),
(497,	'Led Zeppelin',	'song',	'The Wanton Song',	'Physical Graffiti',	NULL),
(498,	'Led Zeppelin',	'song',	'Boogie With Stu',	'Physical Graffiti',	NULL),
(499,	'Led Zeppelin',	'song',	'Black Country Woman',	'Physical Graffiti',	NULL),
(500,	'Led Zeppelin',	'song',	'Sick Again',	'Physical Graffiti',	NULL),
(501,	'Led Zeppelin',	'album',	'Presence',	'Presence',	'1976'),
(502,	'Led Zeppelin',	'song',	'Achilles\' Last Stand',	'Presence',	NULL),
(503,	'Led Zeppelin',	'song',	'For Your Life',	'Presence',	NULL),
(504,	'Led Zeppelin',	'song',	'Royal Orleans',	'Presence',	NULL),
(505,	'Led Zeppelin',	'song',	'Nobody\'s Fault But Mine',	'Presence',	NULL),
(506,	'Led Zeppelin',	'song',	'Candy Store Rock',	'Presence',	NULL),
(507,	'Led Zeppelin',	'song',	'Hots On For Nowhere',	'Presence',	NULL),
(508,	'Led Zeppelin',	'song',	'Tea For One',	'Presence',	NULL),
(509,	'Led Zeppelin',	'song',	'10 Ribs & All Carrot Pod Pod (Pod)',	'Presence',	NULL),
(510,	'Led Zeppelin',	'album',	'In Through The Out Door',	'In Through The Out Door',	'1979'),
(511,	'Led Zeppelin',	'song',	'In The Evening',	'In Through The Out Door',	NULL),
(512,	'Led Zeppelin',	'song',	'South Bound Saurez',	'In Through The Out Door',	NULL),
(513,	'Led Zeppelin',	'song',	'Fool In The Rain',	'In Through The Out Door',	NULL),
(514,	'Led Zeppelin',	'song',	'Hot Dog',	'In Through The Out Door',	NULL),
(515,	'Led Zeppelin',	'song',	'Carouselambra',	'In Through The Out Door',	NULL),
(516,	'Led Zeppelin',	'song',	'All My Love',	'In Through The Out Door',	NULL),
(517,	'Led Zeppelin',	'song',	'I\'m Gonna Crawl',	'In Through The Out Door',	NULL),
(518,	'The Doors',	'album',	'The Doors',	'The Doors',	'1967'),
(519,	'The Doors',	'song',	'Break On Through (To The Other Side)',	'The Doors',	NULL),
(520,	'The Doors',	'song',	'Soul Kitchen',	'The Doors',	NULL),
(521,	'The Doors',	'song',	'The Crystal Ship',	'The Doors',	NULL),
(522,	'The Doors',	'song',	'Twentieth Century Fox',	'The Doors',	NULL),
(523,	'The Doors',	'song',	'Alabama Song (Whisky Bar)',	'The Doors',	NULL),
(524,	'The Doors',	'song',	'Light My Fire',	'The Doors',	NULL),
(525,	'The Doors',	'song',	'Back Door Man',	'The Doors',	NULL),
(526,	'The Doors',	'song',	'I Looked At You',	'The Doors',	NULL),
(527,	'The Doors',	'song',	'End of the Night',	'The Doors',	NULL),
(528,	'The Doors',	'song',	'Take It As It Comes',	'The Doors',	NULL),
(529,	'The Doors',	'song',	'The End',	'The Doors',	NULL),
(530,	'The Doors',	'album',	'Strange Days',	'Strange Days',	'1967'),
(531,	'The Doors',	'song',	'Strange Days',	'Strange Days',	NULL),
(532,	'The Doors',	'song',	'You\'re Lost Little Girl',	'Strange Days',	NULL),
(533,	'The Doors',	'song',	'Love Me Two Times',	'Strange Days',	NULL),
(534,	'The Doors',	'song',	'Unhappy Girl',	'Strange Days',	NULL),
(535,	'The Doors',	'song',	'Horse Latitudes',	'Strange Days',	NULL),
(536,	'The Doors',	'song',	'Moonlight Drive',	'Strange Days',	NULL),
(537,	'The Doors',	'song',	'People Are Strange',	'Strange Days',	NULL),
(538,	'The Doors',	'song',	'My Eyes Have Seen You',	'Strange Days',	NULL),
(539,	'The Doors',	'song',	'I Can\'t See Your Face in My Mind',	'Strange Days',	NULL),
(540,	'The Doors',	'song',	'When the Music\'s Over',	'Strange Days',	NULL),
(541,	'The Doors',	'album',	'Waiting For The Sun',	'Waiting For The Sun',	'1968'),
(542,	'The Doors',	'song',	'Hello, I Love You',	'Waiting For The Sun',	NULL),
(543,	'The Doors',	'song',	'Love Street',	'Waiting For The Sun',	NULL),
(544,	'The Doors',	'song',	'Not To Touch The Earth',	'Waiting For The Sun',	NULL),
(545,	'The Doors',	'song',	'Summer\'s Almost Gone',	'Waiting For The Sun',	NULL),
(546,	'The Doors',	'song',	'Wintertime Love',	'Waiting For The Sun',	NULL),
(547,	'The Doors',	'song',	'The Unknown Soldier',	'Waiting For The Sun',	NULL),
(548,	'The Doors',	'song',	'Spanish Caravan',	'Waiting For The Sun',	NULL),
(549,	'The Doors',	'song',	'My Wild Love',	'waiting For The Sun',	NULL),
(550,	'The Doors',	'song',	'We Could Be So Good Together',	'Waiting For The Sun',	NULL),
(551,	'The Doors',	'song',	'Yes, The River Knows',	'Waiting For The Sun',	NULL),
(552,	'The Doors',	'song',	'Five to One',	'Waiting For The Sun',	NULL),
(553,	'The Doors',	'song',	'Albinoni\'s Adagio In G Minor',	'Waiting For The Sun',	NULL),
(554,	'The Doors',	'song',	'Celebration Of The Lizard',	'Waiting For The Sun',	NULL),
(555,	'The Doors',	'album',	'The Soft Parade',	'The Soft Parade',	'1969'),
(556,	'The Doors',	'song',	'Tell All the People',	'The Soft Parade',	NULL),
(557,	'The Doors',	'song',	'Touch Me',	'The Soft Parade',	NULL),
(558,	'The Doors',	'song',	'Shaman\'s Blues',	'The Soft Parade',	NULL),
(559,	'The Doors',	'song',	'Do It',	'The Soft Parade',	NULL),
(560,	'The Doors',	'song',	'Easy Ride',	'The Soft Parade',	NULL),
(561,	'The Doors',	'song',	'Wild Child',	'The Soft Parade',	NULL),
(562,	'The Doors',	'song',	'Runnin\' Blue',	'The Soft Parade',	NULL),
(563,	'The Doors',	'song',	'Wishful Sinful',	'The Soft Parade',	NULL),
(564,	'The Doors',	'song',	'The Soft Parade',	'The Soft Parade',	NULL),
(565,	'The Doors',	'song',	'Who Scared You',	'The Soft Parade',	NULL),
(566,	'The Doors',	'song',	'Whiskey, Mystics and Men',	'The Soft Parade',	NULL),
(567,	'The Doors',	'song',	'Push Push',	'The Soft Parade',	NULL),
(568,	'The Doors',	'album',	'Morrison Hotel',	'Morrison Hotel',	'1970'),
(569,	'The Doors',	'song',	'Roadhouse Blues',	'Morrison Hotel',	NULL),
(570,	'The Doors',	'song',	'Waiting for the Sun',	'Morrison Hotel',	NULL),
(571,	'The Doors',	'song',	'You Make Me Real',	'Morrison Hotel',	NULL),
(572,	'The Doors',	'song',	'Peace Frog',	'Morrison Hotel',	NULL),
(573,	'The Doors',	'song',	'Blue Sunday',	'Morrison Hotel',	NULL),
(574,	'The Doors',	'song',	'Ship of Fools',	'Morrison Hotel',	NULL),
(575,	'The Doors',	'song',	'Land Ho!',	'Morrison Hotel',	NULL),
(576,	'The Doors',	'song',	'The Spy',	'Morrison Hotel',	NULL),
(577,	'The Doors',	'song',	'Queen of the Highway',	'Morrison Hotel',	NULL),
(578,	'The Doors',	'song',	'Indian Summer',	'Morrison Hotel',	NULL),
(579,	'The Doors',	'song',	'Maggie M\'Gill',	'Morrison Hotel',	NULL),
(580,	'The Doors',	'album',	'L.A. Woman',	'L.A. Woman',	'1971'),
(581,	'The Doors',	'song',	'The Changeling',	'L.A. Woman',	NULL),
(582,	'The Doors',	'song',	'Love Her Madly',	'L.A. Woman',	NULL),
(583,	'The Doors',	'song',	'Been Down So Long',	'L.A. Woman',	NULL),
(584,	'The Doors',	'song',	'Cars Hiss by My Window',	'L.A. Woman',	NULL),
(585,	'The Doors',	'song',	'L.A. Woman',	'L.A. Woman',	NULL),
(586,	'The Doors',	'song',	'L\'America',	'L.A. Woman',	NULL),
(587,	'The Doors',	'song',	'Hyacinth House',	'L.A. Woman',	NULL),
(588,	'The Doors',	'song',	'Crawling King Snake',	'L.A. Woman',	NULL),
(589,	'The Doors',	'song',	'The WASP (Texas Radio and the Big Beat)',	'L.A. Woman',	NULL),
(590,	'The Doors',	'song',	'Riders on the Storm',	'L.A. Woman',	NULL),
(591,	'The Doors',	'song',	'Orange County Suite',	'L.A. Woman',	NULL),
(592,	'Ariana Grande',	'album',	'Yours Truly',	'Yours Truly',	'2013'),
(593,	'Ariana Grande',	'song',	'Honeymoon Avenue',	'Yours Truly',	NULL),
(594,	'Ariana Grande',	'song',	'Baby I',	'Yours Truly',	NULL),
(595,	'Ariana Grande',	'song',	'Right There',	'Yours Truly',	NULL),
(596,	'Ariana Grande',	'song',	'Tattooed Heart',	'Yours Truly',	NULL),
(597,	'Ariana Grande',	'song',	'Lovin\' It',	'Yours Truly',	NULL),
(598,	'Ariana Grande',	'song',	'Piano',	'Yours Truly',	NULL),
(599,	'Ariana Grande',	'song',	'Daydreamin\'',	'Yours Truly',	NULL),
(600,	'Ariana Grande',	'song',	'The Way',	'Yours Truly',	NULL),
(601,	'Ariana Grande',	'song',	'You\'ll Never Know',	'Yours Truly',	NULL),
(602,	'Ariana Grande',	'song',	'Almost Is Never Enough',	'Yours Truly',	NULL),
(603,	'Ariana Grande',	'song',	'Popular Song',	'Yours Truly',	NULL),
(604,	'Ariana Grande',	'song',	'Better Left Unsaid',	'Yours Truly',	NULL),
(605,	'Ariana Grande',	'album',	'My Everything',	'My Everything',	'2014'),
(606,	'Ariana Grande',	'song',	'Intro',	'My Everything',	NULL),
(607,	'Ariana Grande',	'song',	'Problem',	'My Everything',	NULL),
(608,	'Ariana Grande',	'song',	'One Last Time',	'My Everything',	NULL),
(609,	'Ariana Grande',	'song',	'Why Try',	'My Everything',	NULL),
(610,	'Ariana Grande',	'song',	'Break Free',	'My Everything',	NULL),
(611,	'Ariana Grande',	'song',	'Best Mistake',	'My Everything',	NULL),
(612,	'Ariana Grande',	'song',	'Be My Baby',	'My Everything',	NULL),
(613,	'Ariana Grande',	'song',	'Break Your Heart Right Back',	'My Everything',	NULL),
(614,	'Ariana Grande',	'song',	'Love Me Harder',	'My Everything',	NULL),
(615,	'Ariana Grande',	'song',	'Just a Little Bit of Your Heart',	'My Everything',	NULL),
(616,	'Ariana Grande',	'song',	'Hands on Me',	'My Everything',	NULL),
(617,	'Ariana Grande',	'song',	'My Everything',	'My Everything',	NULL),
(618,	'Ariana Grande',	'song',	'Bang Bang',	'My Everything',	NULL),
(619,	'Ariana Grande',	'song',	'Only 1',	'My Everything',	NULL),
(620,	'Ariana Grande',	'song',	'You Don\'t Know Me',	'My Everything',	NULL),
(621,	'Ariana Grande',	'song',	'Cadillac',	'My Everything',	NULL),
(622,	'Ariana Grande',	'song',	'Too Close',	'My Everything',	NULL),
(623,	'Ariana Grande',	'album',	'Dangerous Woman',	'Dangerous Woman',	'2016'),
(624,	'Ariana Grande',	'song',	'Moonlight',	'Dangerous Woman',	NULL),
(625,	'Ariana Grande',	'song',	'Dangerous Woman',	'Dangerous Woman',	NULL),
(626,	'Ariana Grande',	'song',	'Be Alright',	'Dangerous Woman',	NULL),
(627,	'Ariana Grande',	'song',	'Into You',	'Dangerous Woman',	NULL),
(628,	'Ariana Grande',	'song',	'Side to Side',	'Dangerous Woman',	NULL),
(629,	'Ariana Grande',	'song',	'Let Me Love You',	'Dangerous Woman',	NULL),
(630,	'Ariana Grande',	'song',	'Greedy',	'Dangerous Woman',	NULL),
(631,	'Ariana Grande',	'song',	'Leave Me Lonely',	'Dangerous Woman',	NULL),
(632,	'Ariana Grande',	'song',	'Everyday',	'Dangerous Woman',	NULL),
(633,	'Ariana Grande',	'song',	'Sometimes',	'Dangerous Woman',	NULL),
(634,	'Ariana Grande',	'song',	'I Don\'t Care',	'Dangerous Woman',	NULL),
(635,	'Ariana Grande',	'song',	'Bad Decisions',	'Dangerous Woman',	NULL),
(636,	'Ariana Grande',	'song',	'Touch It',	'Dangerous Woman',	NULL),
(637,	'Ariana Grande',	'song',	'Knew Better / Forever Boy',	'Dangerous Woman',	NULL),
(638,	'Ariana Grande',	'song',	'Thinking Bout You',	'Dangerous Woman',	NULL),
(639,	'Ariana Grande',	'song',	'Step on Up',	'Dangerous Woman',	NULL),
(640,	'Ariana Grande',	'song',	'Jason\'s Song (Gave It Away)',	'Dangerous Woman',	NULL),
(641,	'Ariana Grande',	'song',	'Focus',	'Dangerous Woman',	NULL),
(642,	'Ariana Grande',	'album',	'sweetener',	'sweetener',	'2018'),
(643,	'Ariana Grande',	'song',	'raindrops (an angel cried)',	'sweetener',	NULL),
(644,	'Ariana Grande',	'song',	'blazed',	'sweetener',	NULL),
(645,	'Ariana Grande',	'song',	'the light is coming',	'sweetener',	NULL),
(646,	'Ariana Grande',	'song',	'R.E.M.',	'sweetener',	NULL),
(647,	'Ariana Grande',	'song',	'God is a woman',	'sweetener',	NULL),
(648,	'Ariana Grande',	'song',	'sweetener',	'sweetener',	NULL),
(649,	'Ariana Grande',	'song',	'successful',	'sweetener',	NULL),
(650,	'Ariana Grande',	'song',	'everytime',	'sweetener',	NULL),
(651,	'Ariana Grande',	'song',	'breathin',	'sweetener',	NULL),
(652,	'Ariana Grande',	'song',	'no tears left to cry',	'sweetener',	NULL),
(653,	'Ariana Grande',	'song',	'borderline',	'sweetener',	NULL),
(654,	'Ariana Grande',	'song',	'better off',	'sweetener',	NULL),
(655,	'Ariana Grande',	'song',	'goodnight n go',	'sweetener',	NULL),
(656,	'Ariana Grande',	'song',	'pete davidson',	'sweetener',	NULL),
(657,	'Ariana Grande',	'song',	'get well soon',	'sweetener',	NULL),
(658,	'Ariana Grande',	'album',	'thank u, next',	'thank u, next',	'2019'),
(659,	'Ariana Grande',	'song',	'imagine',	'thank u, next',	NULL),
(660,	'Ariana Grande',	'song',	'needy',	'thank u, next',	NULL),
(661,	'Ariana Grande',	'song',	'NASA',	'thank u, next',	NULL),
(662,	'Ariana Grande',	'song',	'bloodline',	'thank u, next',	NULL),
(663,	'Ariana Grande',	'song',	'fake smile',	'thank u, next',	NULL),
(664,	'Ariana Grande',	'song',	'bad idea',	'thank u, next',	NULL),
(665,	'Ariana Grande',	'song',	'make up',	'thank u, next',	NULL),
(666,	'Ariana Grande',	'song',	'ghostin',	'thank u, next',	NULL),
(667,	'Ariana Grande',	'song',	'in my head',	'thank u, next',	NULL),
(668,	'Ariana Grande',	'song',	'7 rings',	'thank u, next',	NULL),
(669,	'Ariana Grande',	'song',	'thank u, next',	'thank u, next',	NULL),
(670,	'Ariana Grande',	'song',	'break up with your girlfriend, i\'m bored',	'thank u, next',	NULL),
(671,	'Drake',	'album',	'Thank Me Later',	'Thank Me Later',	'2010'),
(672,	'Drake',	'song',	'Fireworks',	'Thank Me Later',	NULL),
(673,	'Drake',	'song',	'Karaoke',	'Thank Me Later',	NULL),
(674,	'Drake',	'song',	'The Resistance',	'Thank Me Later',	NULL),
(675,	'Drake',	'song',	'Over',	'Thank Me Later',	NULL),
(676,	'Drake',	'song',	'Show Me a Good Time',	'Thank Me Later',	NULL),
(677,	'Drake',	'song',	'Up All Night',	'Thank Me Later',	NULL),
(678,	'Drake',	'song',	'Fancy',	'Thank Me Later',	NULL),
(679,	'Drake',	'song',	'Shut It Down',	'Thank Me Later',	NULL),
(680,	'Drake',	'song',	'Unforgettable',	'Thank Me Later',	NULL),
(681,	'Drake',	'song',	'Light Up',	'Thank Me Later',	NULL),
(682,	'Drake',	'song',	'Miss Me',	'Thank Me Later',	NULL),
(683,	'Drake',	'song',	'Cece\'s Interlude',	'Thank Me Later',	NULL),
(684,	'Drake',	'song',	'Find Your Love',	'Thank Me Later',	NULL),
(685,	'Drake',	'song',	'Thank Me Now',	'Thank Me Later',	NULL),
(686,	'Drake',	'album',	'Take Care',	'Take Care',	'2011'),
(687,	'Drake',	'song',	'Over My Dead Body',	'Take Care',	NULL),
(688,	'Drake',	'song',	'Shot for Me',	'Take Care',	NULL),
(689,	'Drake',	'song',	'Headlines',	'Take Care',	NULL),
(690,	'Drake',	'song',	'Crew Love',	'Take Care',	NULL),
(691,	'Drake',	'song',	'Take Care',	'Take Care',	NULL),
(692,	'Drake',	'song',	'Marvin\'s Room',	'Take Care',	NULL),
(693,	'Drake',	'song',	'Buried Alive Interlude',	'Take Care',	NULL),
(694,	'Drake',	'song',	'Under Ground Kings',	'Take Care',	NULL),
(695,	'Drake',	'song',	'We\'ll Be Fine',	'Take Care',	NULL),
(696,	'Drake',	'song',	'Make Me Proud',	'Take Care',	NULL),
(697,	'Drake',	'song',	'Lord Knows',	'Take Care',	NULL),
(698,	'Drake',	'song',	'Cameras',	'Take Care',	NULL),
(699,	'Drake',	'song',	'Good Ones Go (Interlude)',	'Take Care',	NULL),
(700,	'Drake',	'song',	'Doing It Wrong',	'Take Care',	NULL),
(701,	'Drake',	'song',	'The Real Her',	'Take Care',	NULL),
(702,	'Drake',	'song',	'Look What You\'ve Done',	'Take Care',	NULL),
(703,	'Drake',	'song',	'HYFR',	'Take Care',	NULL),
(704,	'Drake',	'song',	'Practice',	'Take Care',	NULL),
(705,	'Drake',	'song',	'The Ride',	'Take Care',	NULL),
(706,	'Drake',	'song',	'The Motto',	'Take Care',	NULL),
(707,	'Drake',	'song',	'Hate Sleeping Alone',	'Take Care',	NULL),
(708,	'Drake',	'album',	'Nothing Was the Same',	'Nothing Was the Same',	'2013'),
(709,	'Drake',	'song',	'Tuscan Leather',	'Nothing Was the Same',	NULL),
(710,	'Drake',	'song',	'Furthest Thing',	'Nothing Was the Same',	NULL),
(711,	'Drake',	'song',	'Started from the Bottom',	'Nothing Was the Same',	NULL),
(712,	'Drake',	'song',	'Wu-Tang Forever',	'Nothing Was the Same',	NULL),
(713,	'Drake',	'song',	'Own It',	'Nothing Was the Same',	NULL),
(714,	'Drake',	'song',	'Worst Behavior',	'Nothing Was the Same',	NULL),
(715,	'Drake',	'song',	'From Time',	'Nothing Was the Same',	NULL),
(716,	'Drake',	'song',	'Hold On, We\'re Going Home',	'Nothing Was the Same',	NULL),
(717,	'Drake',	'song',	'Connect',	'Nothing Was the Same',	NULL),
(718,	'Drake',	'song',	'The Language',	'Nothing Was the Same',	NULL),
(719,	'Drake',	'song',	'305 to My City',	'Nothing Was the Same',	NULL),
(720,	'Drake',	'song',	'Too Much',	'Nothing Was the Same',	NULL),
(721,	'Drake',	'song',	'Pound Cake / Paris Morton Music 2',	'Nothing Was the Same',	NULL),
(722,	'Drake',	'song',	'Come Thru',	'Nothing Was the Same',	NULL),
(723,	'Drake',	'song',	'All Me',	'Nothing Was the Same',	NULL),
(724,	'Drake',	'song',	'The Motion',	'Nothing Was the Same',	NULL),
(725,	'Drake',	'album',	'Views',	'Views',	'2016'),
(726,	'Drake',	'song',	'Keep the Family Close',	'Views',	NULL),
(727,	'Drake',	'song',	'9',	'Views',	NULL),
(728,	'Drake',	'song',	'U With Me?',	'Views',	NULL),
(729,	'Drake',	'song',	'Feel No Ways',	'Views',	NULL),
(730,	'Drake',	'song',	'Hype',	'Views',	NULL),
(731,	'Drake',	'song',	'Weston Road Flows',	'Views',	NULL),
(732,	'Drake',	'song',	'Redemption',	'Views',	NULL),
(733,	'Drake',	'song',	'With You',	'Views',	NULL),
(734,	'Drake',	'song',	'Faithful',	'Views',	NULL),
(735,	'Drake',	'song',	'Still Here',	'Views',	NULL),
(736,	'Drake',	'song',	'Controlla',	'Views',	NULL),
(737,	'Drake',	'song',	'One Dance',	'Views',	NULL),
(738,	'Drake',	'song',	'Grammys',	'Views',	NULL),
(739,	'Drake',	'song',	'Child\'s Play',	'Views',	NULL),
(740,	'Drake',	'song',	'Pop Style',	'Views',	NULL),
(741,	'Drake',	'song',	'Too Good',	'Views',	NULL),
(742,	'Drake',	'song',	'Summers Over Interlude',	'Views',	NULL),
(743,	'Drake',	'song',	'Fire & Desire',	'Views',	NULL),
(744,	'Drake',	'song',	'Views',	'Views',	NULL),
(745,	'Drake',	'song',	'Hotline Bling',	'Views',	NULL),
(746,	'Drake',	'album',	'Scorpion',	'Scorpion',	'2018'),
(747,	'Drake',	'song',	'Survival',	'Scorpion',	NULL),
(748,	'Drake',	'song',	'Nonstop',	'Scorpion',	NULL),
(749,	'Drake',	'song',	'Elevate',	'Scorpion',	NULL),
(750,	'Drake',	'song',	'Emotionless',	'Scorpion',	NULL),
(751,	'Drake',	'song',	'God\'s Plan',	'Scorpion',	NULL),
(752,	'Drake',	'song',	'I\'m Upset',	'Scorpion',	NULL),
(753,	'Drake',	'song',	'8 Out of 10',	'Scorpion',	NULL),
(754,	'Drake',	'song',	'Mob Ties',	'Scorpion',	NULL),
(755,	'Drake',	'song',	'Can\'t Take A Joke',	'Scorpion',	NULL),
(756,	'Drake',	'song',	'Sandra\'s Rose',	'Scorpion',	NULL),
(757,	'Drake',	'song',	'Talk Up',	'Scorpion',	NULL),
(758,	'Drake',	'song',	'Is There More',	'Scorpion',	NULL),
(759,	'Drake',	'song',	'Peak',	'Scorpion',	NULL),
(760,	'Drake',	'song',	'Summer Games',	'Scorpion',	NULL),
(761,	'Drake',	'song',	'Jaded',	'Scorpion',	NULL),
(762,	'Drake',	'song',	'Nice For What',	'Scorpion',	NULL),
(763,	'Drake',	'song',	'Finesse',	'Scorpion',	NULL),
(764,	'Drake',	'song',	'Ratchet Happy Birthday',	'Scorpion',	NULL),
(765,	'Drake',	'song',	'That\'s How You Feel',	'Scorpion',	NULL),
(766,	'Drake',	'song',	'Blue Tint',	'Scorpion',	NULL),
(767,	'Drake',	'song',	'In My Feelings',	'Scorpion',	NULL),
(768,	'Drake',	'song',	'Don\'t Matter to Me',	'Scorpion',	NULL),
(769,	'Drake',	'song',	'After Dark',	'Scorpion',	NULL),
(770,	'Drake',	'song',	'Final Fantasy',	'Scorpion',	NULL),
(771,	'Drake',	'song',	'March 14',	'Scorpion',	NULL);

DROP TABLE IF EXISTS `certifications`;
CREATE TABLE `certifications` (
  `song_id` int(5) unsigned NOT NULL DEFAULT '0',
  `certification` varchar(30) DEFAULT NULL,
  PRIMARY KEY (`song_id`),
  CONSTRAINT `certifications_ibfk_2` FOREIGN KEY (`song_id`) REFERENCES `catalog` (`id`) ON DELETE CASCADE ON UPDATE CASCADE
) ENGINE=InnoDB DEFAULT CHARSET=latin1;

INSERT INTO `certifications` (`song_id`, `certification`) VALUES
(1,	'3x Platinum'),
(4,	'Platinum'),
(5,	'Platinum'),
(7,	'5x Platinum'),
(8,	'5x Platinum'),
(10,	'3x Platinum'),
(12,	'Platinum'),
(13,	'Diamond'),
(20,	'3x Platinum'),
(21,	'Platinum'),
(22,	'Platinum'),
(23,	'Platinum'),
(26,	'8x Platinum'),
(27,	'Platinum'),
(28,	'5x Platinum'),
(29,	'4x Platinum'),
(30,	'Platinum'),
(32,	'Platinum'),
(37,	'2x Platinum'),
(51,	'8x Platinum'),
(56,	'Platinum'),
(57,	'Gold'),
(60,	'Gold'),
(74,	'3x Platinum'),
(76,	'4x Platinum'),
(77,	'Platinum'),
(79,	'Platinum'),
(80,	'2x Platinum'),
(82,	'2x Platinum'),
(83,	'4x Platinum'),
(87,	'Platinum'),
(93,	'Platinum'),
(96,	'Platinum'),
(100,	'Platinum'),
(106,	'Gold'),
(108,	'Platinum'),
(110,	'3x Platinum'),
(111,	'Gold'),
(112,	'3x Platinum'),
(113,	'Gold'),
(114,	'Platinum'),
(115,	'Gold'),
(116,	'2x Platinum'),
(117,	'Gold'),
(118,	'7x Platinum'),
(119,	'Gold'),
(120,	'4x Platinum'),
(121,	'Gold'),
(122,	'Gold'),
(123,	'Gold'),
(124,	'Gold'),
(135,	'6x Platinum'),
(137,	'Gold'),
(186,	'2x Platinum'),
(187,	'Diamond'),
(189,	'Platinum'),
(190,	'5x Platinum'),
(191,	'2x Platinum'),
(198,	'Platinum'),
(203,	'Platinum'),
(216,	'Platinum'),
(220,	'2x Platinum'),
(222,	'2x Platinum'),
(223,	'5x Platinum'),
(229,	'5x Platinum'),
(249,	'Gold'),
(263,	'2x Platinum'),
(266,	'3x Platinum'),
(267,	'4x Platinum'),
(280,	'Platinum'),
(283,	'Platinum'),
(287,	'Gold'),
(297,	'Gold'),
(299,	'Platinum'),
(301,	'Gold'),
(314,	'Platinum'),
(316,	'6x Platinum'),
(317,	'Platinum'),
(323,	'Gold'),
(324,	'Platinum'),
(329,	'4x Platinum'),
(331,	'2x Platinum'),
(336,	'Platinum'),
(340,	'Gold'),
(349,	'3x Platinum'),
(351,	'Platinum'),
(356,	'Platinum'),
(358,	'Gold'),
(359,	'5x Platinum'),
(362,	'Gold'),
(363,	'Platinum'),
(365,	'2x Platinum'),
(379,	'Gold'),
(380,	'Platinum'),
(396,	'Platinum'),
(397,	'2x Platinum'),
(398,	'Platinum'),
(402,	'Gold'),
(409,	'2x Platinum'),
(410,	'Platinum'),
(411,	'Platinum'),
(412,	'Platinum'),
(413,	'Platinum'),
(414,	'2x Platinum'),
(415,	'Gold'),
(416,	'Platinum'),
(419,	'Gold'),
(421,	'Platinum'),
(423,	'Platinum'),
(424,	'Platinum'),
(425,	'4x Platinum'),
(433,	'8x Platinum'),
(443,	'Diamond (12x Platinum)'),
(444,	'Gold'),
(449,	'Gold'),
(454,	'6x Platinum'),
(467,	'2x Diamond (23x Platinum)'),
(476,	'Diamond (11x Platinum)'),
(485,	'Diamond (16x Platinum)'),
(501,	'3x Platinum'),
(510,	'6x Platinum'),
(518,	'4x Platinum'),
(521,	'Platinum'),
(524,	'Platinum'),
(530,	'Platinum'),
(541,	'Platinum'),
(542,	'Gold'),
(543,	'Gold'),
(555,	'Platinum'),
(557,	'Gold'),
(561,	'Gold'),
(568,	'Platinum'),
(580,	'2x Platinum'),
(592,	'Platinum'),
(594,	'Platinum'),
(595,	'Gold'),
(600,	'3x Platinum'),
(605,	'2x Platinum'),
(607,	'6x Platinum'),
(608,	'Platinum'),
(610,	'3x Platinum'),
(614,	'3x Platinum'),
(618,	'6x Platinum'),
(623,	'Platinum'),
(625,	'3x Platinum'),
(627,	'3x Platinum'),
(628,	'4x Platinum'),
(632,	'Platinum'),
(641,	'Platinum'),
(642,	'Platinum'),
(647,	'2x Platinum'),
(652,	'3x Platinum'),
(658,	'Platinum'),
(669,	'5x Platinum'),
(671,	'Platinum'),
(675,	'3x Platinum'),
(677,	'Platinum'),
(678,	'Platinum'),
(682,	'Platinum'),
(684,	'3x Platinum'),
(686,	'6x Platinum'),
(688,	'Platinum'),
(689,	'4x Platinum'),
(690,	'Platinum'),
(691,	'5x Platinum'),
(692,	'3x Platinum'),
(696,	'Platinum'),
(700,	'Platinum'),
(703,	'2x Platinum'),
(704,	'Platinum'),
(706,	'6x Platinum'),
(708,	'4x Platinum'),
(710,	'Platinum'),
(711,	'6x Platinum'),
(714,	'Platinum'),
(715,	'Platinum'),
(716,	'6x Platinum'),
(718,	'Platinum'),
(720,	'Platinum'),
(721,	'Platinum'),
(723,	'2x Platinum'),
(725,	'6x Platinum'),
(727,	'Platinum'),
(728,	'Platinum'),
(729,	'Platinum'),
(730,	'Platinum'),
(732,	'Platinum'),
(733,	'Platinum'),
(735,	'Platinum'),
(736,	'3x Platinum'),
(737,	'8x Platinum'),
(738,	'Platinum'),
(739,	'Platinum'),
(740,	'2x Platinum'),
(741,	'3x Platinum'),
(743,	'Platinum'),
(745,	'8x Platinum'),
(746,	'5x Platinum'),
(751,	'11x Platinum'),
(762,	'5x Platinum'),
(767,	'5x Platinum');

DROP TABLE IF EXISTS `collaborations`;
CREATE TABLE `collaborations` (
  `song_id` int(5) unsigned NOT NULL DEFAULT '0',
  `collaborator` varchar(50) NOT NULL DEFAULT '',
  PRIMARY KEY (`song_id`,`collaborator`),
  CONSTRAINT `collaborations_ibfk_2` FOREIGN KEY (`song_id`) REFERENCES `catalog` (`id`) ON DELETE CASCADE ON UPDATE CASCADE
) ENGINE=InnoDB DEFAULT CHARSET=latin1;

INSERT INTO `collaborations` (`song_id`, `collaborator`) VALUES
(4,	'Justin Bieber'),
(11,	'Kehlani'),
(13,	'Quavo'),
(18,	'2 Chainz'),
(22,	'Swae Lee'),
(26,	'21 Savage'),
(28,	'Ty Dolla $ign'),
(30,	'Nicki Minaj'),
(34,	'G-Eazy, YG'),
(42,	'DaBaby'),
(46,	'Future, Halsey'),
(47,	'Lil Baby, Meek Mill'),
(48,	'Ozzy Osbourne, Travis Scott'),
(50,	'SZA'),
(51,	'Swae Lee'),
(53,	'Young Thug'),
(61,	'Colin Munroe'),
(64,	'RZA'),
(65,	'GLC'),
(66,	'ScHoolboy Q'),
(68,	'Ash Riser'),
(70,	'BJ the Chicago Kid'),
(72,	'Ab-Soul'),
(79,	'Jay Rock'),
(80,	'Drake'),
(82,	'MC Eiht'),
(85,	'Anna Wise'),
(86,	'Dr. Dre'),
(87,	'Dr. Dre'),
(89,	'Mary J. Blige'),
(91,	'JAY-Z'),
(92,	'Emeli Sandé'),
(94,	'George Clinton, Thundercat'),
(97,	'Anna Wise, Bilal, Snoop Dogg'),
(98,	'Anna Wise, Bilal, Thundercat'),
(104,	'James Fauntleroy, Ronald Isley'),
(105,	'Rapsody'),
(116,	'Rihanna'),
(120,	'Zacari'),
(121,	'U2'),
(139,	'Cameron Duddy, Tarrah Toland'),
(176,	'Alex Ebert'),
(181,	'Rivers Cuomo'),
(248,	'Kygo'),
(281,	'JAY-Z'),
(309,	'Brendan Urie'),
(312,	'John Mayer'),
(319,	'Foxes'),
(320,	'Big Sean'),
(324,	'Courtney Love'),
(325,	'Elton John'),
(346,	'Burna Boy'),
(389,	'Plastiscines'),
(398,	'LOLO'),
(595,	'Big Sean'),
(600,	'Mac Miller'),
(602,	'Nathan Sykes'),
(603,	'MIKA'),
(607,	'Iggy Azalea'),
(610,	'Zedd'),
(611,	'Big Sean'),
(612,	'Cashmere Cat'),
(613,	'Childish Gambino'),
(614,	'The Weeknd'),
(616,	'Hands on Me'),
(618,	'Jessie J, Nicki Minaj'),
(628,	'Nicki Minaj'),
(629,	'Lil Wayne'),
(631,	'Macy Gray'),
(632,	'Future'),
(644,	'Pharrell Williams'),
(645,	'Nicki Minaj'),
(653,	'Missy Elliott'),
(672,	'Alicia Keys'),
(677,	'Nicki Minaj'),
(678,	'Swizz Beats, T.I.'),
(679,	'The-Dream'),
(680,	'Jeezy'),
(681,	'JAY-Z'),
(682,	'Lil Wayne'),
(690,	'The Weeknd'),
(691,	'Rihanna'),
(693,	'Kendrick Lamar'),
(695,	'Birdman'),
(696,	'Nicki Minaj'),
(697,	'Rick Ross'),
(701,	'André 3000, Lil Wayne'),
(703,	'Lil Wayne'),
(705,	'The Weeknd'),
(706,	'Lil Wayne'),
(713,	'PARTYNEXTDOOR'),
(715,	'Jhené Aiko'),
(716,	'Majid Jordan'),
(719,	'Detail'),
(721,	'JAY-Z'),
(723,	'2 Chainz, Big Sean'),
(724,	'Sampha'),
(733,	'PARTYNEXTDOOR'),
(734,	'dvsn, Pimp C'),
(737,	'Kyla, Wizkid'),
(738,	'Future'),
(741,	'Rihanna'),
(742,	'Majid Al Maskati'),
(757,	'JAY-Z'),
(768,	'Michael Jackson'),
(769,	'Static Major, Ty Dolla $ign');

-- 2020-05-06 19:53:49